{"python3": {"10": {"name": "python3", "amount": 10, "add": 3.314018249511719e-05, "check": 8.900960286458334e-06, "len": 1.796086629231771e-06, "height": 2.86102294921875e-06, "validation": [10, 6]}, "20": {"name": "python3", "amount": 20, "add": 0.0002586046854654948, "check": 1.6530354817708332e-05, "len": 2.884864807128906e-06, "height": 5.157788594563803e-06, "validation": [20, 9]}, "40": {"name": "python3", "amount": 40, "add": 0.00024239222208658853, "check": 2.9802322387695312e-05, "len": 4.633267720540365e-06, "height": 9.338061014811197e-06, "validation": [40, 11]}}}